CASE,complete,core,enh
103,0.894583,0.145445,0
105,0.757572,0.59582,NA
109,0.973001,0.470138,NA
116,0.603419,0.214521,NA
