Case,Dice,Time
test01,0.916847,30
test02,0.909883,23
test03,0.911278,33
test04,0.878707,40.5
test05,0.888579,18.5
test06,0.898442,23
test07,0.817022,23
test08,0.821247,29
test09,0.92063,14.5
test10,0.893195,26.5
test11,0.8498,31
test12,0.807424,30